{"cameraMode":{"drawMode":0,"name":"Shaded","section":"Shading Mode"},"sceneLighting":true,"audioPlay":false,"sceneViewState":{"showFog":true,"showMaterialUpdate":false,"showSkybox":true,"showFlares":true,"showImageEffects":true,"showParticleSystems":true,"showVisualEffectGraphs":true,"m_FxEnabled":true},"in2DMode":false,"pivot":{"x":-0.25929462909698489,"y":0.9255192279815674,"z":16.349000930786134},"rotation":{"x":0.05655769631266594,"y":-0.7917894124984741,"z":0.07415996491909027,"w":0.6037086248397827},"size":2.724745035171509,"orthographic":false}