{"cameraMode":{"drawMode":0,"name":"Shaded","section":"Shading Mode"},"sceneLighting":true,"audioPlay":false,"sceneViewState":{"showFog":true,"showMaterialUpdate":false,"showSkybox":true,"showFlares":true,"showImageEffects":true,"showParticleSystems":true,"showVisualEffectGraphs":true,"m_FxEnabled":true},"in2DMode":false,"pivot":{"x":0.13808441162109376,"y":1.5936036109924317,"z":-2.6578779220581056},"rotation":{"x":0.012175681069493294,"y":0.8240200281143189,"z":0.01772073283791542,"w":-0.5661538243293762},"size":2.4481492042541506,"orthographic":false}