{"cameraMode":{"drawMode":0,"name":"Shaded","section":"Shading Mode"},"sceneLighting":true,"audioPlay":false,"sceneViewState":{"showFog":true,"showMaterialUpdate":false,"showSkybox":true,"showFlares":true,"showImageEffects":true,"showParticleSystems":true,"showVisualEffectGraphs":true,"m_FxEnabled":true},"in2DMode":false,"pivot":{"x":12.327323913574219,"y":0.7679430246353149,"z":17.87122917175293},"rotation":{"x":0.010140163823962212,"y":0.2894241213798523,"z":-0.0030794155318289997,"w":0.9571756720542908},"size":11.828886032104493,"orthographic":false}