{"cameraMode":{"drawMode":0,"name":"Shaded","section":"Shading Mode"},"sceneLighting":false,"audioPlay":false,"sceneViewState":{"showFog":true,"showMaterialUpdate":false,"showSkybox":false,"showFlares":true,"showImageEffects":true,"showParticleSystems":true,"showVisualEffectGraphs":true,"m_FxEnabled":true},"in2DMode":false,"pivot":{"x":71.05423736572266,"y":107.19933319091797,"z":-58.371002197265628},"rotation":{"x":-0.08503474295139313,"y":-0.15656578540802003,"z":0.013578927144408226,"w":-0.9839521646499634},"size":0.6524209380149841,"orthographic":false}