{"cameraMode":{"drawMode":0,"name":"Shaded","section":"Shading Mode"},"sceneLighting":true,"audioPlay":false,"sceneViewState":{"showFog":true,"showMaterialUpdate":false,"showSkybox":true,"showFlares":true,"showImageEffects":true,"showParticleSystems":true,"showVisualEffectGraphs":true,"m_FxEnabled":true},"in2DMode":false,"pivot":{"x":4.286922931671143,"y":-1.5387314558029175,"z":-39.044254302978519},"rotation":{"x":0.0006386638269759715,"y":0.9988341927528381,"z":-0.013794412836432457,"w":0.04628054425120354},"size":21.81462287902832,"orthographic":false}