{"cameraMode":{"drawMode":0,"name":"Shaded","section":"Shading Mode"},"sceneLighting":true,"audioPlay":false,"sceneViewState":{"showFog":true,"showMaterialUpdate":false,"showSkybox":true,"showFlares":true,"showImageEffects":true,"showParticleSystems":true,"showVisualEffectGraphs":true,"m_FxEnabled":true},"in2DMode":false,"pivot":{"x":226.74574279785157,"y":53.424957275390628,"z":92.48214721679688},"rotation":{"x":-0.09461228549480438,"y":0.018541226163506509,"z":-0.00048744090599939227,"w":-0.9956973195075989},"size":606.2177734375,"orthographic":false}