{"cameraMode":{"drawMode":0,"name":"Shaded","section":"Shading Mode"},"sceneLighting":false,"audioPlay":false,"sceneViewState":{"showFog":true,"showMaterialUpdate":false,"showSkybox":false,"showFlares":true,"showImageEffects":true,"showParticleSystems":true,"showVisualEffectGraphs":true,"m_FxEnabled":true},"in2DMode":false,"pivot":{"x":-1.178005337715149,"y":0.5974192023277283,"z":3.9048752784729006},"rotation":{"x":0.06936485320329666,"y":0.14719443023204804,"z":0.010349513962864876,"w":-0.9866248369216919},"size":2.9660251140594484,"orthographic":false}